[
	{ "from-to": "Marrakech-Menara Airport" },
	{ "from-to": "Beijing Capital International Airport" },
	{ "from-to": "Chubu Centrair International Airport" },
	{ "from-to": "New Kitakyushu Airport" },
	{ "from-to": "John F. Kennedy International Airport" },
	{ "from-to": "McCarran International Airport" },
	{ "from-to": "Los Angeles International Airport" },
	{ "from-to": "Kansas City International Airport" },
	{ "from-to": "George Bush Intercontinental Airport" },
	{ "from-to": "Daytona Beach International Airport" },
	{ "from-to": "Bellingham International Airport" },
	{ "from-to": "Alice International Airport" },
	{ "from-to": "Vancouver International Airport" },
	{ "from-to": "Quebec City – Québec/Jean Lesage International Airport" },
	{ "from-to": "Calgary International Airport" },
	{ "from-to": "Cuscatlan International Airport" },
	{ "from-to": "Luis Muñoz Marín International Airport" },
	{ "from-to": "Norman Manley International Airport" },
	{ "from-to": "Ignacio Agramonte International Airport" },
	{ "from-to": "Lanseria International Airport" },
	{ "from-to": "Cape Town International Airport" },
	{ "from-to": "Ivato International Airport" },
	{ "from-to": "Enfidha-Hammamet International Airport" }
]
