<wpml-config>
	<admin-texts>
		<key name="posts_per_page"/>
		<key name="date_format"/>
		<key name="time_format"/>
		<key name="links_updated_date_format"/>
		<key name="show_on_front"/>
		<key name="thumbnail_size_w"/>
		<key name="thumbnail_size_h"/>
		<key name="thumbnail_crop"/>
		<key name="medium_size_w"/>
		<key name="medium_size_h"/>
		<key name="avatar_default"/>
		<key name="large_size_w"/>
		<key name="large_size_h"/>
		<key name="image_default_link_type"/>
		<key name="close_comments_days_old"/>
		<key name="thread_comments"/>
		<key name="thread_comments_depth"/>
		<key name="comments_per_page"/>
		<key name="default_comments_page"/>
		<key name="comment_order"/>
		<key name="widget_categories">
			<key name="_multiwidget"/>
		</key>
		<key name="widget_text">
			<key name="2">
				<key name="title"/>
				<key name="text"/>
			</key>
			<key name="3">
				<key name="title"/>
				<key name="text"/>
			</key>
			<key name="4">
				<key name="text"/>
			</key>
			<key name="5">
				<key name="title"/>
				<key name="text"/>
			</key>
			<key name="_multiwidget"/>
		</key>
		<key name="widget_rss">
			<key name="_multiwidget"/>
		</key>
		<key name="finished_splitting_shared_terms"/>
		<key name="medium_large_size_w"/>
		<key name="initial_db_version"/>
		<key name="lmhstage_user_roles">
			<key name="administrator">
				<key name="name"/>
			</key>
			<key name="editor">
				<key name="name"/>
			</key>
			<key name="author">
				<key name="name"/>
			</key>
			<key name="contributor">
				<key name="name"/>
			</key>
			<key name="subscriber">
				<key name="name"/>
			</key>
		</key>
		<key name="widget_search">
			<key name="2">
				<key name="title"/>
			</key>
			<key name="3">
				<key name="title"/>
			</key>
			<key name="_multiwidget"/>
		</key>
		<key name="widget_recent-posts">
			<key name="2">
				<key name="title"/>
				<key name="number"/>
			</key>
			<key name="3">
				<key name="title"/>
				<key name="number"/>
			</key>
			<key name="_multiwidget"/>
		</key>
		<key name="widget_recent-comments">
			<key name="2">
				<key name="title"/>
				<key name="number"/>
			</key>
			<key name="3">
				<key name="title"/>
				<key name="number"/>
			</key>
			<key name="4">
				<key name="title"/>
				<key name="number"/>
			</key>
			<key name="_multiwidget"/>
		</key>
		<key name="widget_archives">
			<key name="_multiwidget"/>
		</key>
		<key name="widget_meta">
			<key name="_multiwidget"/>
		</key>
		<key name="widget_pages">
			<key name="_multiwidget"/>
		</key>
		<key name="current_theme"/>
	</admin-texts>
</wpml-config>
